{
  "project_info": {
    "project_number": "416780616679",
    "firebase_url": "https://lot-locate-5xfc5m-default-rtdb.asia-southeast1.firebasedatabase.app",
    "project_id": "lot-locate-5xfc5m",
    "storage_bucket": "lot-locate-5xfc5m.appspot.com"
  },
  "client": [
    {
      "client_info": {
        "mobilesdk_app_id": "1:416780616679:android:98ce92b7c525db6b55f342",
        "android_client_info": {
          "package_name": "com.mycompany.LotLocate"
        }
      },
      "oauth_client": [],
      "api_key": [
        {
          "current_key": "AIzaSyBPzkIUJIROztkOL2gIVFkz5B5WUlc5vco"
        }
      ],
      "services": {
        "appinvite_service": {
          "other_platform_oauth_client": []
        }
      }
    },
    {
      "client_info": {
        "mobilesdk_app_id": "1:416780616679:android:ca9514112999c90155f342",
        "android_client_info": {
          "package_name": "com.mycompany.mar01chatGPT"
        }
      },
      "oauth_client": [],
      "api_key": [
        {
          "current_key": "AIzaSyBPzkIUJIROztkOL2gIVFkz5B5WUlc5vco"
        }
      ],
      "services": {
        "appinvite_service": {
          "other_platform_oauth_client": []
        }
      }
    }
  ],
  "configuration_version": "1"
}